task_id,study,theta,Omega_hat,omega,n_agents,omega_as_frac
lorenz2017_task_184,lorenz2011,430.0,0.5004999999999612,0.1,5,0.1
lorenz2017_task_184,lorenz2011,430.0,0.6542999999999443,0.1,20,0.1
lorenz2017_task_184,lorenz2011,430.0,0.7430999999999345,0.1,35,0.1
lorenz2017_task_184,lorenz2011,430.0,0.792999999999929,0.1,50,0.1
lorenz2017_task_184,lorenz2011,430.0,0.45909999999996576,0.3333333333333333,5,0.33
lorenz2017_task_184,lorenz2011,430.0,0.610999999999949,0.3333333333333333,20,0.33
lorenz2017_task_184,lorenz2011,430.0,0.710699999999938,0.3333333333333333,35,0.33
lorenz2017_task_184,lorenz2011,430.0,0.7762999999999308,0.3333333333333333,50,0.33
lorenz2017_task_184,lorenz2011,430.0,0.41759999999997033,0.6666666666666666,5,0.66
lorenz2017_task_184,lorenz2011,430.0,0.5545999999999552,0.6666666666666666,20,0.66
lorenz2017_task_184,lorenz2011,430.0,0.6629999999999433,0.6666666666666666,35,0.66
lorenz2017_task_184,lorenz2011,430.0,0.7274999999999362,0.6666666666666666,50,0.66
lorenz2017_task_184,lorenz2011,430.0,0.3649999999999761,1.0,5,1
lorenz2017_task_184,lorenz2011,430.0,0.4957999999999617,1.0,20,1
lorenz2017_task_184,lorenz2011,430.0,0.5969999999999506,1.0,35,1
lorenz2017_task_184,lorenz2011,430.0,0.6514999999999446,1.0,50,1
lorenz2017_task_734,lorenz2011,350.0,0.5879999999999516,0.1,5,0.1
lorenz2017_task_734,lorenz2011,350.0,0.7875999999999296,0.1,20,0.1
lorenz2017_task_734,lorenz2011,350.0,0.8571999999999219,0.1,35,0.1
lorenz2017_task_734,lorenz2011,350.0,0.8953999999999177,0.1,50,0.1
lorenz2017_task_734,lorenz2011,350.0,0.5555999999999551,0.3333333333333333,5,0.33
lorenz2017_task_734,lorenz2011,350.0,0.7619999999999324,0.3333333333333333,20,0.33
lorenz2017_task_734,lorenz2011,350.0,0.8523999999999224,0.3333333333333333,35,0.33
lorenz2017_task_734,lorenz2011,350.0,0.8916999999999181,0.3333333333333333,50,0.33
lorenz2017_task_734,lorenz2011,350.0,0.4920999999999621,0.6666666666666666,5,0.66
lorenz2017_task_734,lorenz2011,350.0,0.7146999999999376,0.6666666666666666,20,0.66
lorenz2017_task_734,lorenz2011,350.0,0.8175999999999263,0.6666666666666666,35,0.66
lorenz2017_task_734,lorenz2011,350.0,0.8792999999999195,0.6666666666666666,50,0.66
lorenz2017_task_734,lorenz2011,350.0,0.45549999999996615,1.0,5,1
lorenz2017_task_734,lorenz2011,350.0,0.6683999999999427,1.0,20,1
lorenz2017_task_734,lorenz2011,350.0,0.792499999999929,1.0,35,1
lorenz2017_task_734,lorenz2011,350.0,0.8518999999999225,1.0,50,1
lorenz2017_task_10067,lorenz2011,12000.0,0.565799999999954,0.1,5,0.1
lorenz2017_task_10067,lorenz2011,12000.0,0.7092999999999382,0.1,20,0.1
lorenz2017_task_10067,lorenz2011,12000.0,0.747599999999934,0.1,35,0.1
lorenz2017_task_10067,lorenz2011,12000.0,0.7765999999999308,0.1,50,0.1
lorenz2017_task_10067,lorenz2011,12000.0,0.5258999999999584,0.3333333333333333,5,0.33
lorenz2017_task_10067,lorenz2011,12000.0,0.6721999999999423,0.3333333333333333,20,0.33
lorenz2017_task_10067,lorenz2011,12000.0,0.7351999999999353,0.3333333333333333,35,0.33
lorenz2017_task_10067,lorenz2011,12000.0,0.7549999999999332,0.3333333333333333,50,0.33
lorenz2017_task_10067,lorenz2011,12000.0,0.4721999999999643,0.6666666666666666,5,0.66
lorenz2017_task_10067,lorenz2011,12000.0,0.6240999999999476,0.6666666666666666,20,0.66
lorenz2017_task_10067,lorenz2011,12000.0,0.6873999999999406,0.6666666666666666,35,0.66
lorenz2017_task_10067,lorenz2011,12000.0,0.7312999999999358,0.6666666666666666,50,0.66
lorenz2017_task_10067,lorenz2011,12000.0,0.40299999999997194,1.0,5,1
lorenz2017_task_10067,lorenz2011,12000.0,0.5403999999999568,1.0,20,1
lorenz2017_task_10067,lorenz2011,12000.0,0.611199999999949,1.0,35,1
lorenz2017_task_10067,lorenz2011,12000.0,0.6487999999999449,1.0,50,1
lorenz2017_task_198,lorenz2011,92.0,0.6542999999999443,0.1,5,0.1
lorenz2017_task_198,lorenz2011,92.0,0.7842999999999299,0.1,20,0.1
lorenz2017_task_198,lorenz2011,92.0,0.8072999999999274,0.1,35,0.1
lorenz2017_task_198,lorenz2011,92.0,0.8147999999999266,0.1,50,0.1
lorenz2017_task_198,lorenz2011,92.0,0.6468999999999451,0.3333333333333333,5,0.33
lorenz2017_task_198,lorenz2011,92.0,0.7781999999999306,0.3333333333333333,20,0.33
lorenz2017_task_198,lorenz2011,92.0,0.8079999999999273,0.3333333333333333,35,0.33
lorenz2017_task_198,lorenz2011,92.0,0.8167999999999264,0.3333333333333333,50,0.33
lorenz2017_task_198,lorenz2011,92.0,0.6316999999999467,0.6666666666666666,5,0.66
lorenz2017_task_198,lorenz2011,92.0,0.78379999999993,0.6666666666666666,20,0.66
lorenz2017_task_198,lorenz2011,92.0,0.8062999999999275,0.6666666666666666,35,0.66
lorenz2017_task_198,lorenz2011,92.0,0.8250999999999254,0.6666666666666666,50,0.66
lorenz2017_task_198,lorenz2011,92.0,0.6194999999999481,1.0,5,1
lorenz2017_task_198,lorenz2011,92.0,0.7789999999999305,1.0,20,1
lorenz2017_task_198,lorenz2011,92.0,0.8083999999999273,1.0,35,1
lorenz2017_task_198,lorenz2011,92.0,0.8159999999999265,1.0,50,1
lorenz2017_task_639,lorenz2011,98.0,0.6667999999999429,0.1,5,0.1
lorenz2017_task_639,lorenz2011,98.0,0.7808999999999303,0.1,20,0.1
lorenz2017_task_639,lorenz2011,98.0,0.8034999999999278,0.1,35,0.1
lorenz2017_task_639,lorenz2011,98.0,0.8121999999999269,0.1,50,0.1
lorenz2017_task_639,lorenz2011,98.0,0.6608999999999435,0.3333333333333333,5,0.33
lorenz2017_task_639,lorenz2011,98.0,0.7905999999999292,0.3333333333333333,20,0.33
lorenz2017_task_639,lorenz2011,98.0,0.8089999999999272,0.3333333333333333,35,0.33
lorenz2017_task_639,lorenz2011,98.0,0.8004999999999282,0.3333333333333333,50,0.33
lorenz2017_task_639,lorenz2011,98.0,0.6542999999999443,0.6666666666666666,5,0.66
lorenz2017_task_639,lorenz2011,98.0,0.7857999999999298,0.6666666666666666,20,0.66
lorenz2017_task_639,lorenz2011,98.0,0.802299999999928,0.6666666666666666,35,0.66
lorenz2017_task_639,lorenz2011,98.0,0.8055999999999276,0.6666666666666666,50,0.66
lorenz2017_task_639,lorenz2011,98.0,0.6457999999999452,1.0,5,1
lorenz2017_task_639,lorenz2011,98.0,0.78399999999993,1.0,20,1
lorenz2017_task_639,lorenz2011,98.0,0.8052999999999276,1.0,35,1
lorenz2017_task_639,lorenz2011,98.0,0.8074999999999274,1.0,50,1
lorenz2017_task_9272,lorenz2011,806.0,0.6954999999999397,0.1,5,0.1
lorenz2017_task_9272,lorenz2011,806.0,0.8462999999999231,0.1,20,0.1
lorenz2017_task_9272,lorenz2011,806.0,0.884099999999919,0.1,35,0.1
lorenz2017_task_9272,lorenz2011,806.0,0.8978999999999174,0.1,50,0.1
lorenz2017_task_9272,lorenz2011,806.0,0.7002999999999392,0.3333333333333333,5,0.33
lorenz2017_task_9272,lorenz2011,806.0,0.8415999999999236,0.3333333333333333,20,0.33
lorenz2017_task_9272,lorenz2011,806.0,0.8813999999999192,0.3333333333333333,35,0.33
lorenz2017_task_9272,lorenz2011,806.0,0.9034999999999168,0.3333333333333333,50,0.33
lorenz2017_task_9272,lorenz2011,806.0,0.6947999999999398,0.6666666666666666,5,0.66
lorenz2017_task_9272,lorenz2011,806.0,0.8505999999999226,0.6666666666666666,20,0.66
lorenz2017_task_9272,lorenz2011,806.0,0.8860999999999187,0.6666666666666666,35,0.66
lorenz2017_task_9272,lorenz2011,806.0,0.8994999999999173,0.6666666666666666,50,0.66
lorenz2017_task_9272,lorenz2011,806.0,0.6968999999999396,1.0,5,1
lorenz2017_task_9272,lorenz2011,806.0,0.8461999999999231,1.0,20,1
lorenz2017_task_9272,lorenz2011,806.0,0.8825999999999191,1.0,35,1
lorenz2017_task_9272,lorenz2011,806.0,0.8967999999999176,1.0,50,1
gurcay2015_task_1_3718691.0,gurcay2015,1000000.0,0.6373999999999461,0.1,5,0.1
gurcay2015_task_1_3718691.0,gurcay2015,1000000.0,0.8556999999999221,0.1,20,0.1
gurcay2015_task_1_3718691.0,gurcay2015,1000000.0,0.893099999999918,0.1,35,0.1
gurcay2015_task_1_3718691.0,gurcay2015,1000000.0,0.9092999999999162,0.1,50,0.1
gurcay2015_task_1_3718691.0,gurcay2015,1000000.0,0.6181999999999482,0.3333333333333333,5,0.33
gurcay2015_task_1_3718691.0,gurcay2015,1000000.0,0.8516999999999225,0.3333333333333333,20,0.33
gurcay2015_task_1_3718691.0,gurcay2015,1000000.0,0.901699999999917,0.3333333333333333,35,0.33
gurcay2015_task_1_3718691.0,gurcay2015,1000000.0,0.9132999999999157,0.3333333333333333,50,0.33
gurcay2015_task_1_3718691.0,gurcay2015,1000000.0,0.5951999999999508,0.6666666666666666,5,0.66
gurcay2015_task_1_3718691.0,gurcay2015,1000000.0,0.8420999999999236,0.6666666666666666,20,0.66
gurcay2015_task_1_3718691.0,gurcay2015,1000000.0,0.8918999999999181,0.6666666666666666,35,0.66
gurcay2015_task_1_3718691.0,gurcay2015,1000000.0,0.911199999999916,0.6666666666666666,50,0.66
gurcay2015_task_1_3718691.0,gurcay2015,1000000.0,0.5541999999999553,1.0,5,1
gurcay2015_task_1_3718691.0,gurcay2015,1000000.0,0.8192999999999261,1.0,20,1
gurcay2015_task_1_3718691.0,gurcay2015,1000000.0,0.8918999999999181,1.0,35,1
gurcay2015_task_1_3718691.0,gurcay2015,1000000.0,0.9114999999999159,1.0,50,1
gurcay2015_task_2_39.52,gurcay2015,15.0,0.6610999999999435,0.1,5,0.1
gurcay2015_task_2_39.52,gurcay2015,15.0,0.7973999999999285,0.1,20,0.1
gurcay2015_task_2_39.52,gurcay2015,15.0,0.838499999999924,0.1,35,0.1
gurcay2015_task_2_39.52,gurcay2015,15.0,0.8494999999999228,0.1,50,0.1
gurcay2015_task_2_39.52,gurcay2015,15.0,0.6576999999999439,0.3333333333333333,5,0.33
gurcay2015_task_2_39.52,gurcay2015,15.0,0.8067999999999275,0.3333333333333333,20,0.33
gurcay2015_task_2_39.52,gurcay2015,15.0,0.8326999999999246,0.3333333333333333,35,0.33
gurcay2015_task_2_39.52,gurcay2015,15.0,0.8594999999999217,0.3333333333333333,50,0.33
gurcay2015_task_2_39.52,gurcay2015,15.0,0.6349999999999464,0.6666666666666666,5,0.66
gurcay2015_task_2_39.52,gurcay2015,15.0,0.7973999999999285,0.6666666666666666,20,0.66
gurcay2015_task_2_39.52,gurcay2015,15.0,0.8356999999999243,0.6666666666666666,35,0.66
gurcay2015_task_2_39.52,gurcay2015,15.0,0.856199999999922,0.6666666666666666,50,0.66
gurcay2015_task_2_39.52,gurcay2015,15.0,0.6330999999999466,1.0,5,1
gurcay2015_task_2_39.52,gurcay2015,15.0,0.7969999999999285,1.0,20,1
gurcay2015_task_2_39.52,gurcay2015,15.0,0.8412999999999237,1.0,35,1
gurcay2015_task_2_39.52,gurcay2015,15.0,0.8554999999999221,1.0,50,1
gurcay2015_task_3_2723.0,gurcay2015,1050.0,0.6429999999999455,0.1,5,0.1
gurcay2015_task_3_2723.0,gurcay2015,1050.0,0.8235999999999256,0.1,20,0.1
gurcay2015_task_3_2723.0,gurcay2015,1050.0,0.8735999999999201,0.1,35,0.1
gurcay2015_task_3_2723.0,gurcay2015,1050.0,0.892999999999918,0.1,50,0.1
gurcay2015_task_3_2723.0,gurcay2015,1050.0,0.6396999999999459,0.3333333333333333,5,0.33
gurcay2015_task_3_2723.0,gurcay2015,1050.0,0.8179999999999262,0.3333333333333333,20,0.33
gurcay2015_task_3_2723.0,gurcay2015,1050.0,0.8706999999999204,0.3333333333333333,35,0.33
gurcay2015_task_3_2723.0,gurcay2015,1050.0,0.8937999999999179,0.3333333333333333,50,0.33
gurcay2015_task_3_2723.0,gurcay2015,1050.0,0.6256999999999474,0.6666666666666666,5,0.66
gurcay2015_task_3_2723.0,gurcay2015,1050.0,0.8165999999999264,0.6666666666666666,20,0.66
gurcay2015_task_3_2723.0,gurcay2015,1050.0,0.8702999999999205,0.6666666666666666,35,0.66
gurcay2015_task_3_2723.0,gurcay2015,1050.0,0.8969999999999175,0.6666666666666666,50,0.66
gurcay2015_task_3_2723.0,gurcay2015,1050.0,0.6095999999999492,1.0,5,1
gurcay2015_task_3_2723.0,gurcay2015,1050.0,0.8183999999999262,1.0,20,1
gurcay2015_task_3_2723.0,gurcay2015,1050.0,0.865699999999921,1.0,35,1
gurcay2015_task_3_2723.0,gurcay2015,1050.0,0.8979999999999174,1.0,50,1
gurcay2015_task_4_7825200.0,gurcay2015,5000000.0,0.5547999999999552,0.1,5,0.1
gurcay2015_task_4_7825200.0,gurcay2015,5000000.0,0.7164999999999374,0.1,20,0.1
gurcay2015_task_4_7825200.0,gurcay2015,5000000.0,0.7702999999999315,0.1,35,0.1
gurcay2015_task_4_7825200.0,gurcay2015,5000000.0,0.8043999999999277,0.1,50,0.1
gurcay2015_task_4_7825200.0,gurcay2015,5000000.0,0.5133999999999598,0.3333333333333333,5,0.33
gurcay2015_task_4_7825200.0,gurcay2015,5000000.0,0.6706999999999425,0.3333333333333333,20,0.33
gurcay2015_task_4_7825200.0,gurcay2015,5000000.0,0.7499999999999337,0.3333333333333333,35,0.33
gurcay2015_task_4_7825200.0,gurcay2015,5000000.0,0.801499999999928,0.3333333333333333,50,0.33
gurcay2015_task_4_7825200.0,gurcay2015,5000000.0,0.4466999999999671,0.6666666666666666,5,0.66
gurcay2015_task_4_7825200.0,gurcay2015,5000000.0,0.6173999999999483,0.6666666666666666,20,0.66
gurcay2015_task_4_7825200.0,gurcay2015,5000000.0,0.702099999999939,0.6666666666666666,35,0.66
gurcay2015_task_4_7825200.0,gurcay2015,5000000.0,0.7605999999999326,0.6666666666666666,50,0.66
gurcay2015_task_4_7825200.0,gurcay2015,5000000.0,0.3969999999999726,1.0,5,1
gurcay2015_task_4_7825200.0,gurcay2015,5000000.0,0.5500999999999557,1.0,20,1
gurcay2015_task_4_7825200.0,gurcay2015,5000000.0,0.6261999999999474,1.0,35,1
gurcay2015_task_4_7825200.0,gurcay2015,5000000.0,0.6851999999999409,1.0,50,1
gurcay2015_task_5_24901.4611,gurcay2015,2048.0,0.7414999999999347,0.1,5,0.1
gurcay2015_task_5_24901.4611,gurcay2015,2048.0,0.9095999999999161,0.1,20,0.1
gurcay2015_task_5_24901.4611,gurcay2015,2048.0,0.9458999999999121,0.1,35,0.1
gurcay2015_task_5_24901.4611,gurcay2015,2048.0,0.9574999999999109,0.1,50,0.1
gurcay2015_task_5_24901.4611,gurcay2015,2048.0,0.7357999999999353,0.3333333333333333,5,0.33
gurcay2015_task_5_24901.4611,gurcay2015,2048.0,0.9073999999999164,0.3333333333333333,20,0.33
gurcay2015_task_5_24901.4611,gurcay2015,2048.0,0.9445999999999123,0.3333333333333333,35,0.33
gurcay2015_task_5_24901.4611,gurcay2015,2048.0,0.9581999999999108,0.3333333333333333,50,0.33
gurcay2015_task_5_24901.4611,gurcay2015,2048.0,0.7480999999999339,0.6666666666666666,5,0.66
gurcay2015_task_5_24901.4611,gurcay2015,2048.0,0.9093999999999162,0.6666666666666666,20,0.66
gurcay2015_task_5_24901.4611,gurcay2015,2048.0,0.9435999999999124,0.6666666666666666,35,0.66
gurcay2015_task_5_24901.4611,gurcay2015,2048.0,0.9588999999999107,0.6666666666666666,50,0.66
gurcay2015_task_5_24901.4611,gurcay2015,2048.0,0.7400999999999348,1.0,5,1
gurcay2015_task_5_24901.4611,gurcay2015,2048.0,0.910799999999916,1.0,20,1
gurcay2015_task_5_24901.4611,gurcay2015,2048.0,0.9391999999999129,1.0,35,1
gurcay2015_task_5_24901.4611,gurcay2015,2048.0,0.9595999999999106,1.0,50,1
gurcay2015_task_6_47184.0,gurcay2015,28000.0,0.5348999999999574,0.1,5,0.1
gurcay2015_task_6_47184.0,gurcay2015,28000.0,0.7301999999999359,0.1,20,0.1
gurcay2015_task_6_47184.0,gurcay2015,28000.0,0.829399999999925,0.1,35,0.1
gurcay2015_task_6_47184.0,gurcay2015,28000.0,0.8894999999999184,0.1,50,0.1
gurcay2015_task_6_47184.0,gurcay2015,28000.0,0.5010999999999611,0.3333333333333333,5,0.33
gurcay2015_task_6_47184.0,gurcay2015,28000.0,0.701699999999939,0.3333333333333333,20,0.33
gurcay2015_task_6_47184.0,gurcay2015,28000.0,0.8219999999999258,0.3333333333333333,35,0.33
gurcay2015_task_6_47184.0,gurcay2015,28000.0,0.8873999999999186,0.3333333333333333,50,0.33
gurcay2015_task_6_47184.0,gurcay2015,28000.0,0.4378999999999681,0.6666666666666666,5,0.66
gurcay2015_task_6_47184.0,gurcay2015,28000.0,0.6571999999999439,0.6666666666666666,20,0.66
gurcay2015_task_6_47184.0,gurcay2015,28000.0,0.8037999999999278,0.6666666666666666,35,0.66
gurcay2015_task_6_47184.0,gurcay2015,28000.0,0.8726999999999202,0.6666666666666666,50,0.66
gurcay2015_task_6_47184.0,gurcay2015,28000.0,0.3960999999999727,1.0,5,1
gurcay2015_task_6_47184.0,gurcay2015,28000.0,0.6337999999999465,1.0,20,1
gurcay2015_task_6_47184.0,gurcay2015,28000.0,0.7705999999999315,1.0,35,1
gurcay2015_task_6_47184.0,gurcay2015,28000.0,0.8618999999999214,1.0,50,1
gurcay2015_task_7_43.0,gurcay2015,50.0,0.5456999999999562,0.1,5,0.1
gurcay2015_task_7_43.0,gurcay2015,50.0,0.6632999999999433,0.1,20,0.1
gurcay2015_task_7_43.0,gurcay2015,50.0,0.7218999999999368,0.1,35,0.1
gurcay2015_task_7_43.0,gurcay2015,50.0,0.7496999999999338,0.1,50,0.1
gurcay2015_task_7_43.0,gurcay2015,50.0,0.5048999999999607,0.3333333333333333,5,0.33
gurcay2015_task_7_43.0,gurcay2015,50.0,0.6498999999999447,0.3333333333333333,20,0.33
gurcay2015_task_7_43.0,gurcay2015,50.0,0.7104999999999381,0.3333333333333333,35,0.33
gurcay2015_task_7_43.0,gurcay2015,50.0,0.7499999999999337,0.3333333333333333,50,0.33
gurcay2015_task_7_43.0,gurcay2015,50.0,0.4551999999999662,0.6666666666666666,5,0.66
gurcay2015_task_7_43.0,gurcay2015,50.0,0.6035999999999498,0.6666666666666666,20,0.66
gurcay2015_task_7_43.0,gurcay2015,50.0,0.6816999999999412,0.6666666666666666,35,0.66
gurcay2015_task_7_43.0,gurcay2015,50.0,0.7230999999999367,0.6666666666666666,50,0.66
gurcay2015_task_7_43.0,gurcay2015,50.0,0.3976999999999725,1.0,5,1
gurcay2015_task_7_43.0,gurcay2015,50.0,0.5573999999999549,1.0,20,1
gurcay2015_task_7_43.0,gurcay2015,50.0,0.6261999999999474,1.0,35,1
gurcay2015_task_7_43.0,gurcay2015,50.0,0.674499999999942,1.0,50,1
gurcay2015_task_8_236.0,gurcay2015,200.0,0.547199999999956,0.1,5,0.1
gurcay2015_task_8_236.0,gurcay2015,200.0,0.6438999999999454,0.1,20,0.1
gurcay2015_task_8_236.0,gurcay2015,200.0,0.6632999999999433,0.1,35,0.1
gurcay2015_task_8_236.0,gurcay2015,200.0,0.6864999999999407,0.1,50,0.1
gurcay2015_task_8_236.0,gurcay2015,200.0,0.4976999999999615,0.3333333333333333,5,0.33
gurcay2015_task_8_236.0,gurcay2015,200.0,0.593099999999951,0.3333333333333333,20,0.33
gurcay2015_task_8_236.0,gurcay2015,200.0,0.6419999999999456,0.3333333333333333,35,0.33
gurcay2015_task_8_236.0,gurcay2015,200.0,0.6622999999999434,0.3333333333333333,50,0.33
gurcay2015_task_8_236.0,gurcay2015,200.0,0.4423999999999676,0.6666666666666666,5,0.66
gurcay2015_task_8_236.0,gurcay2015,200.0,0.5147999999999596,0.6666666666666666,20,0.66
gurcay2015_task_8_236.0,gurcay2015,200.0,0.557099999999955,0.6666666666666666,35,0.66
gurcay2015_task_8_236.0,gurcay2015,200.0,0.6026999999999499,0.6666666666666666,50,0.66
gurcay2015_task_8_236.0,gurcay2015,200.0,0.3722999999999753,1.0,5,1
gurcay2015_task_8_236.0,gurcay2015,200.0,0.4369999999999682,1.0,20,1
gurcay2015_task_8_236.0,gurcay2015,200.0,0.46839999999996473,1.0,35,1
gurcay2015_task_8_236.0,gurcay2015,200.0,0.5066999999999605,1.0,50,1
gurcay2015_task_9_16.4,gurcay2015,20.0,0.5188999999999592,0.1,5,0.1
gurcay2015_task_9_16.4,gurcay2015,20.0,0.5279999999999582,0.1,20,0.1
gurcay2015_task_9_16.4,gurcay2015,20.0,0.5311999999999578,0.1,35,0.1
gurcay2015_task_9_16.4,gurcay2015,20.0,0.5259999999999584,0.1,50,0.1
gurcay2015_task_9_16.4,gurcay2015,20.0,0.5094999999999602,0.3333333333333333,5,0.33
gurcay2015_task_9_16.4,gurcay2015,20.0,0.5317999999999578,0.3333333333333333,20,0.33
gurcay2015_task_9_16.4,gurcay2015,20.0,0.5267999999999583,0.3333333333333333,35,0.33
gurcay2015_task_9_16.4,gurcay2015,20.0,0.520599999999959,0.3333333333333333,50,0.33
gurcay2015_task_9_16.4,gurcay2015,20.0,0.466099999999965,0.6666666666666666,5,0.66
gurcay2015_task_9_16.4,gurcay2015,20.0,0.4993999999999613,0.6666666666666666,20,0.66
gurcay2015_task_9_16.4,gurcay2015,20.0,0.5066999999999605,0.6666666666666666,35,0.66
gurcay2015_task_9_16.4,gurcay2015,20.0,0.5058999999999606,0.6666666666666666,50,0.66
gurcay2015_task_9_16.4,gurcay2015,20.0,0.43269999999996867,1.0,5,1
gurcay2015_task_9_16.4,gurcay2015,20.0,0.46379999999996524,1.0,20,1
gurcay2015_task_9_16.4,gurcay2015,20.0,0.46839999999996473,1.0,35,1
gurcay2015_task_9_16.4,gurcay2015,20.0,0.45829999999996585,1.0,50,1
gurcay2015_task_10_7.08,gurcay2015,20.0,0.4521999999999665,0.1,5,0.1
gurcay2015_task_10_7.08,gurcay2015,20.0,0.4459999999999672,0.1,20,0.1
gurcay2015_task_10_7.08,gurcay2015,20.0,0.44279999999996755,0.1,35,0.1
gurcay2015_task_10_7.08,gurcay2015,20.0,0.44359999999996746,0.1,50,0.1
gurcay2015_task_10_7.08,gurcay2015,20.0,0.4495999999999668,0.3333333333333333,5,0.33
gurcay2015_task_10_7.08,gurcay2015,20.0,0.4531999999999664,0.3333333333333333,20,0.33
gurcay2015_task_10_7.08,gurcay2015,20.0,0.44819999999996696,0.3333333333333333,35,0.33
gurcay2015_task_10_7.08,gurcay2015,20.0,0.44179999999996766,0.3333333333333333,50,0.33
gurcay2015_task_10_7.08,gurcay2015,20.0,0.43479999999996843,0.6666666666666666,5,0.66
gurcay2015_task_10_7.08,gurcay2015,20.0,0.44189999999996765,0.6666666666666666,20,0.66
gurcay2015_task_10_7.08,gurcay2015,20.0,0.43199999999996874,0.6666666666666666,35,0.66
gurcay2015_task_10_7.08,gurcay2015,20.0,0.44299999999996753,0.6666666666666666,50,0.66
gurcay2015_task_10_7.08,gurcay2015,20.0,0.4224999999999698,1.0,5,1
gurcay2015_task_10_7.08,gurcay2015,20.0,0.42479999999996954,1.0,20,1
gurcay2015_task_10_7.08,gurcay2015,20.0,0.41279999999997086,1.0,35,1
gurcay2015_task_10_7.08,gurcay2015,20.0,0.42109999999996994,1.0,50,1
gurcay2015_task_11_2.7,gurcay2015,5.0,0.47739999999996374,0.1,5,0.1
gurcay2015_task_11_2.7,gurcay2015,5.0,0.5082999999999603,0.1,20,0.1
gurcay2015_task_11_2.7,gurcay2015,5.0,0.5376999999999571,0.1,35,0.1
gurcay2015_task_11_2.7,gurcay2015,5.0,0.5550999999999552,0.1,50,0.1
gurcay2015_task_11_2.7,gurcay2015,5.0,0.42359999999996967,0.3333333333333333,5,0.33
gurcay2015_task_11_2.7,gurcay2015,5.0,0.4249999999999695,0.3333333333333333,20,0.33
gurcay2015_task_11_2.7,gurcay2015,5.0,0.4357999999999683,0.3333333333333333,35,0.33
gurcay2015_task_11_2.7,gurcay2015,5.0,0.44289999999996754,0.3333333333333333,50,0.33
gurcay2015_task_11_2.7,gurcay2015,5.0,0.3460999999999782,0.6666666666666666,5,0.66
gurcay2015_task_11_2.7,gurcay2015,5.0,0.31399999999998174,0.6666666666666666,20,0.66
gurcay2015_task_11_2.7,gurcay2015,5.0,0.31279999999998187,0.6666666666666666,35,0.66
gurcay2015_task_11_2.7,gurcay2015,5.0,0.3250999999999805,0.6666666666666666,50,0.66
gurcay2015_task_11_2.7,gurcay2015,5.0,0.26409999999998723,1.0,5,1
gurcay2015_task_11_2.7,gurcay2015,5.0,0.22839999999999117,1.0,20,1
gurcay2015_task_11_2.7,gurcay2015,5.0,0.2272999999999913,1.0,35,1
gurcay2015_task_11_2.7,gurcay2015,5.0,0.2279999999999912,1.0,50,1
gurcay2015_task_12_49.5,gurcay2015,35.0,0.4333999999999686,0.1,5,0.1
gurcay2015_task_12_49.5,gurcay2015,35.0,0.40669999999997153,0.1,20,0.1
gurcay2015_task_12_49.5,gurcay2015,35.0,0.41029999999997113,0.1,35,0.1
gurcay2015_task_12_49.5,gurcay2015,35.0,0.4061999999999716,0.1,50,0.1
gurcay2015_task_12_49.5,gurcay2015,35.0,0.42539999999996947,0.3333333333333333,5,0.33
gurcay2015_task_12_49.5,gurcay2015,35.0,0.4125999999999709,0.3333333333333333,20,0.33
gurcay2015_task_12_49.5,gurcay2015,35.0,0.411499999999971,0.3333333333333333,35,0.33
gurcay2015_task_12_49.5,gurcay2015,35.0,0.4033999999999719,0.3333333333333333,50,0.33
gurcay2015_task_12_49.5,gurcay2015,35.0,0.4141999999999707,0.6666666666666666,5,0.66
gurcay2015_task_12_49.5,gurcay2015,35.0,0.40369999999997186,0.6666666666666666,20,0.66
gurcay2015_task_12_49.5,gurcay2015,35.0,0.3949999999999728,0.6666666666666666,35,0.66
gurcay2015_task_12_49.5,gurcay2015,35.0,0.38929999999997345,0.6666666666666666,50,0.66
gurcay2015_task_12_49.5,gurcay2015,35.0,0.3807999999999744,1.0,5,1
gurcay2015_task_12_49.5,gurcay2015,35.0,0.36219999999997643,1.0,20,1
gurcay2015_task_12_49.5,gurcay2015,35.0,0.3704999999999755,1.0,35,1
gurcay2015_task_12_49.5,gurcay2015,35.0,0.3678999999999758,1.0,50,1
gurcay2015_task_13_24.9,gurcay2015,9.0,0.5561999999999551,0.1,5,0.1
gurcay2015_task_13_24.9,gurcay2015,9.0,0.5811999999999523,0.1,20,0.1
gurcay2015_task_13_24.9,gurcay2015,9.0,0.583999999999952,0.1,35,0.1
gurcay2015_task_13_24.9,gurcay2015,9.0,0.5826999999999521,0.1,50,0.1
gurcay2015_task_13_24.9,gurcay2015,9.0,0.5552999999999552,0.3333333333333333,5,0.33
gurcay2015_task_13_24.9,gurcay2015,9.0,0.5754999999999529,0.3333333333333333,20,0.33
gurcay2015_task_13_24.9,gurcay2015,9.0,0.5832999999999521,0.3333333333333333,35,0.33
gurcay2015_task_13_24.9,gurcay2015,9.0,0.5775999999999527,0.3333333333333333,50,0.33
gurcay2015_task_13_24.9,gurcay2015,9.0,0.5626999999999543,0.6666666666666666,5,0.66
gurcay2015_task_13_24.9,gurcay2015,9.0,0.5819999999999522,0.6666666666666666,20,0.66
gurcay2015_task_13_24.9,gurcay2015,9.0,0.5814999999999523,0.6666666666666666,35,0.66
gurcay2015_task_13_24.9,gurcay2015,9.0,0.5776999999999527,0.6666666666666666,50,0.66
gurcay2015_task_13_24.9,gurcay2015,9.0,0.5459999999999562,1.0,5,1
gurcay2015_task_13_24.9,gurcay2015,9.0,0.574799999999953,1.0,20,1
gurcay2015_task_13_24.9,gurcay2015,9.0,0.575299999999953,1.0,35,1
gurcay2015_task_13_24.9,gurcay2015,9.0,0.5828999999999521,1.0,50,1
gurcay2015_task_14_25.0,gurcay2015,30.0,0.47629999999996386,0.1,5,0.1
gurcay2015_task_14_25.0,gurcay2015,30.0,0.44809999999996697,0.1,20,0.1
gurcay2015_task_14_25.0,gurcay2015,30.0,0.44009999999996785,0.1,35,0.1
gurcay2015_task_14_25.0,gurcay2015,30.0,0.4432999999999675,0.1,50,0.1
gurcay2015_task_14_25.0,gurcay2015,30.0,0.4222999999999698,0.3333333333333333,5,0.33
gurcay2015_task_14_25.0,gurcay2015,30.0,0.3707999999999755,0.3333333333333333,20,0.33
gurcay2015_task_14_25.0,gurcay2015,30.0,0.3597999999999767,0.3333333333333333,35,0.33
gurcay2015_task_14_25.0,gurcay2015,30.0,0.3580999999999769,0.3333333333333333,50,0.33
gurcay2015_task_14_25.0,gurcay2015,30.0,0.3624999999999764,0.6666666666666666,5,0.66
gurcay2015_task_14_25.0,gurcay2015,30.0,0.28839999999998456,0.6666666666666666,20,0.66
gurcay2015_task_14_25.0,gurcay2015,30.0,0.2798999999999855,0.6666666666666666,35,0.66
gurcay2015_task_14_25.0,gurcay2015,30.0,0.2815999999999853,0.6666666666666666,50,0.66
gurcay2015_task_14_25.0,gurcay2015,30.0,0.3007999999999832,1.0,5,1
gurcay2015_task_14_25.0,gurcay2015,30.0,0.2370999999999902,1.0,20,1
gurcay2015_task_14_25.0,gurcay2015,30.0,0.21299999999999286,1.0,35,1
gurcay2015_task_14_25.0,gurcay2015,30.0,0.2099999999999932,1.0,50,1
gurcay2015_task_15_41.0,gurcay2015,41.0,0.456999999999966,0.1,5,0.1
gurcay2015_task_15_41.0,gurcay2015,41.0,0.35489999999997723,0.1,20,0.1
gurcay2015_task_15_41.0,gurcay2015,41.0,0.33559999999997936,0.1,35,0.1
gurcay2015_task_15_41.0,gurcay2015,41.0,0.33109999999997985,0.1,50,0.1
gurcay2015_task_15_41.0,gurcay2015,41.0,0.41009999999997115,0.3333333333333333,5,0.33
gurcay2015_task_15_41.0,gurcay2015,41.0,0.2772999999999858,0.3333333333333333,20,0.33
gurcay2015_task_15_41.0,gurcay2015,41.0,0.23779999999999013,0.3333333333333333,35,0.33
gurcay2015_task_15_41.0,gurcay2015,41.0,0.23509999999999043,0.3333333333333333,50,0.33
gurcay2015_task_15_41.0,gurcay2015,41.0,0.320899999999981,0.6666666666666666,5,0.66
gurcay2015_task_15_41.0,gurcay2015,41.0,0.1907999999999953,0.6666666666666666,20,0.66
gurcay2015_task_15_41.0,gurcay2015,41.0,0.16789999999999783,0.6666666666666666,35,0.66
gurcay2015_task_15_41.0,gurcay2015,41.0,0.15489999999999926,0.6666666666666666,50,0.66
gurcay2015_task_15_41.0,gurcay2015,41.0,0.25769999999998794,1.0,5,1
gurcay2015_task_15_41.0,gurcay2015,41.0,0.14440000000000042,1.0,20,1
gurcay2015_task_15_41.0,gurcay2015,41.0,0.11830000000000236,1.0,35,1
gurcay2015_task_15_41.0,gurcay2015,41.0,0.11920000000000239,1.0,50,1
gurcay2015_task_16_63.0,gurcay2015,60.0,0.4849999999999629,0.1,5,0.1
gurcay2015_task_16_63.0,gurcay2015,60.0,0.4821999999999632,0.1,20,0.1
gurcay2015_task_16_63.0,gurcay2015,60.0,0.4960999999999617,0.1,35,0.1
gurcay2015_task_16_63.0,gurcay2015,60.0,0.4814999999999633,0.1,50,0.1
gurcay2015_task_16_63.0,gurcay2015,60.0,0.46569999999996503,0.3333333333333333,5,0.33
gurcay2015_task_16_63.0,gurcay2015,60.0,0.48269999999996316,0.3333333333333333,20,0.33
gurcay2015_task_16_63.0,gurcay2015,60.0,0.48839999999996253,0.3333333333333333,35,0.33
gurcay2015_task_16_63.0,gurcay2015,60.0,0.4830999999999631,0.3333333333333333,50,0.33
gurcay2015_task_16_63.0,gurcay2015,60.0,0.429799999999969,0.6666666666666666,5,0.66
gurcay2015_task_16_63.0,gurcay2015,60.0,0.4802999999999634,0.6666666666666666,20,0.66
gurcay2015_task_16_63.0,gurcay2015,60.0,0.47839999999996363,0.6666666666666666,35,0.66
gurcay2015_task_16_63.0,gurcay2015,60.0,0.47829999999996364,0.6666666666666666,50,0.66
gurcay2015_task_16_63.0,gurcay2015,60.0,0.3852999999999739,1.0,5,1
gurcay2015_task_16_63.0,gurcay2015,60.0,0.4042999999999718,1.0,20,1
gurcay2015_task_16_63.0,gurcay2015,60.0,0.411699999999971,1.0,35,1
gurcay2015_task_16_63.0,gurcay2015,60.0,0.42019999999997004,1.0,50,1
df_becker2017_750,becker2017,600.0,0.4613999999999655,0.1,5,0.1
df_becker2017_750,becker2017,600.0,0.41299999999997083,0.1,20,0.1
df_becker2017_750,becker2017,600.0,0.3904999999999733,0.1,35,0.1
df_becker2017_750,becker2017,600.0,0.39369999999997296,0.1,50,0.1
df_becker2017_750,becker2017,600.0,0.3987999999999724,0.3333333333333333,5,0.33
df_becker2017_750,becker2017,600.0,0.2978999999999835,0.3333333333333333,20,0.33
df_becker2017_750,becker2017,600.0,0.2641999999999872,0.3333333333333333,35,0.33
df_becker2017_750,becker2017,600.0,0.26129999999998754,0.3333333333333333,50,0.33
df_becker2017_750,becker2017,600.0,0.311599999999982,0.6666666666666666,5,0.66
df_becker2017_750,becker2017,600.0,0.20119999999999416,0.6666666666666666,20,0.66
df_becker2017_750,becker2017,600.0,0.1653999999999981,0.6666666666666666,35,0.66
df_becker2017_750,becker2017,600.0,0.1636999999999983,0.6666666666666666,50,0.66
df_becker2017_750,becker2017,600.0,0.24659999999998916,1.0,5,1
df_becker2017_750,becker2017,600.0,0.14580000000000026,1.0,20,1
df_becker2017_750,becker2017,600.0,0.12470000000000254,1.0,35,1
df_becker2017_750,becker2017,600.0,0.11510000000000227,1.0,50,1
df_becker2017_4389,becker2017,3000.0,0.43739999999996815,0.1,5,0.1
df_becker2017_4389,becker2017,3000.0,0.41009999999997115,0.1,20,0.1
df_becker2017_4389,becker2017,3000.0,0.4095999999999712,0.1,35,0.1
df_becker2017_4389,becker2017,3000.0,0.41189999999997096,0.1,50,0.1
df_becker2017_4389,becker2017,3000.0,0.38739999999997365,0.3333333333333333,5,0.33
df_becker2017_4389,becker2017,3000.0,0.34189999999997867,0.3333333333333333,20,0.33
df_becker2017_4389,becker2017,3000.0,0.3505999999999777,0.3333333333333333,35,0.33
df_becker2017_4389,becker2017,3000.0,0.3642999999999762,0.3333333333333333,50,0.33
df_becker2017_4389,becker2017,3000.0,0.33209999999997974,0.6666666666666666,5,0.66
df_becker2017_4389,becker2017,3000.0,0.2798999999999855,0.6666666666666666,20,0.66
df_becker2017_4389,becker2017,3000.0,0.2705999999999865,0.6666666666666666,35,0.66
df_becker2017_4389,becker2017,3000.0,0.2807999999999854,0.6666666666666666,50,0.66
df_becker2017_4389,becker2017,3000.0,0.2734999999999862,1.0,5,1
df_becker2017_4389,becker2017,3000.0,0.22609999999999142,1.0,20,1
df_becker2017_4389,becker2017,3000.0,0.23579999999999035,1.0,35,1
df_becker2017_4389,becker2017,3000.0,0.23669999999999025,1.0,50,1
df_becker2017_278,becker2017,300.0,0.48839999999996253,0.1,5,0.1
df_becker2017_278,becker2017,300.0,0.45829999999996585,0.1,20,0.1
df_becker2017_278,becker2017,300.0,0.44929999999996684,0.1,35,0.1
df_becker2017_278,becker2017,300.0,0.4460999999999672,0.1,50,0.1
df_becker2017_278,becker2017,300.0,0.42849999999996913,0.3333333333333333,5,0.33
df_becker2017_278,becker2017,300.0,0.35119999999997764,0.3333333333333333,20,0.33
df_becker2017_278,becker2017,300.0,0.3151999999999816,0.3333333333333333,35,0.33
df_becker2017_278,becker2017,300.0,0.28829999999998457,0.3333333333333333,50,0.33
df_becker2017_278,becker2017,300.0,0.35189999999997756,0.6666666666666666,5,0.66
df_becker2017_278,becker2017,300.0,0.24229999999998963,0.6666666666666666,20,0.66
df_becker2017_278,becker2017,300.0,0.19199999999999517,0.6666666666666666,35,0.66
df_becker2017_278,becker2017,300.0,0.1734999999999972,0.6666666666666666,50,0.66
df_becker2017_278,becker2017,300.0,0.2980999999999835,1.0,5,1
df_becker2017_278,becker2017,300.0,0.17589999999999695,1.0,20,1
df_becker2017_278,becker2017,300.0,0.13440000000000152,1.0,35,1
df_becker2017_278,becker2017,300.0,0.11490000000000226,1.0,50,1
df_becker2017_546,becker2017,350.0,0.47559999999996394,0.1,5,0.1
df_becker2017_546,becker2017,350.0,0.5454999999999562,0.1,20,0.1
df_becker2017_546,becker2017,350.0,0.5845999999999519,0.1,35,0.1
df_becker2017_546,becker2017,350.0,0.6076999999999494,0.1,50,0.1
df_becker2017_546,becker2017,350.0,0.4151999999999706,0.3333333333333333,5,0.33
df_becker2017_546,becker2017,350.0,0.4814999999999633,0.3333333333333333,20,0.33
df_becker2017_546,becker2017,350.0,0.5102999999999601,0.3333333333333333,35,0.33
df_becker2017_546,becker2017,350.0,0.548199999999956,0.3333333333333333,50,0.33
df_becker2017_546,becker2017,350.0,0.3549999999999772,0.6666666666666666,5,0.66
df_becker2017_546,becker2017,350.0,0.3898999999999734,0.6666666666666666,20,0.66
df_becker2017_546,becker2017,350.0,0.4352999999999684,0.6666666666666666,35,0.66
df_becker2017_546,becker2017,350.0,0.4484999999999669,0.6666666666666666,50,0.66
df_becker2017_546,becker2017,350.0,0.30029999999998325,1.0,5,1
df_becker2017_546,becker2017,350.0,0.33559999999997936,1.0,20,1
df_becker2017_546,becker2017,350.0,0.34209999999997864,1.0,35,1
df_becker2017_546,becker2017,350.0,0.32829999999998016,1.0,50,1
df_becker2017_819,becker2017,440.0,0.5187999999999592,0.1,5,0.1
df_becker2017_819,becker2017,440.0,0.5892999999999514,0.1,20,0.1
df_becker2017_819,becker2017,440.0,0.6458999999999452,0.1,35,0.1
df_becker2017_819,becker2017,440.0,0.69319999999994,0.1,50,0.1
df_becker2017_819,becker2017,440.0,0.46739999999996484,0.3333333333333333,5,0.33
df_becker2017_819,becker2017,440.0,0.49749999999996153,0.3333333333333333,20,0.33
df_becker2017_819,becker2017,440.0,0.5574999999999549,0.3333333333333333,35,0.33
df_becker2017_819,becker2017,440.0,0.6093999999999492,0.3333333333333333,50,0.33
df_becker2017_819,becker2017,440.0,0.38819999999997357,0.6666666666666666,5,0.66
df_becker2017_819,becker2017,440.0,0.41119999999997103,0.6666666666666666,20,0.66
df_becker2017_819,becker2017,440.0,0.4611999999999655,0.6666666666666666,35,0.66
df_becker2017_819,becker2017,440.0,0.5263999999999583,0.6666666666666666,50,0.66
df_becker2017_819,becker2017,440.0,0.32649999999998036,1.0,5,1
df_becker2017_819,becker2017,440.0,0.34399999999997843,1.0,20,1
df_becker2017_819,becker2017,440.0,0.4051999999999717,1.0,35,1
df_becker2017_819,becker2017,440.0,0.48279999999996315,1.0,50,1
df_becker2017_4700,becker2017,1050.0,0.5484999999999559,0.1,5,0.1
df_becker2017_4700,becker2017,1050.0,0.593199999999951,0.1,20,0.1
df_becker2017_4700,becker2017,1050.0,0.6002999999999502,0.1,35,0.1
df_becker2017_4700,becker2017,1050.0,0.6118999999999489,0.1,50,0.1
df_becker2017_4700,becker2017,1050.0,0.5357999999999573,0.3333333333333333,5,0.33
df_becker2017_4700,becker2017,1050.0,0.5967999999999506,0.3333333333333333,20,0.33
df_becker2017_4700,becker2017,1050.0,0.6078999999999494,0.3333333333333333,35,0.33
df_becker2017_4700,becker2017,1050.0,0.6015999999999501,0.3333333333333333,50,0.33
df_becker2017_4700,becker2017,1050.0,0.5157999999999595,0.6666666666666666,5,0.66
df_becker2017_4700,becker2017,1050.0,0.584499999999952,0.6666666666666666,20,0.66
df_becker2017_4700,becker2017,1050.0,0.5993999999999503,0.6666666666666666,35,0.66
df_becker2017_4700,becker2017,1050.0,0.6103999999999491,0.6666666666666666,50,0.66
df_becker2017_4700,becker2017,1050.0,0.49079999999996227,1.0,5,1
df_becker2017_4700,becker2017,1050.0,0.5576999999999549,1.0,20,1
df_becker2017_4700,becker2017,1050.0,0.5816999999999523,1.0,35,1
df_becker2017_4700,becker2017,1050.0,0.5855999999999518,1.0,50,1
df_becker2017_291,becker2017,250.0,0.46079999999996557,0.1,5,0.1
df_becker2017_291,becker2017,250.0,0.4276999999999692,0.1,20,0.1
df_becker2017_291,becker2017,250.0,0.4043999999999718,0.1,35,0.1
df_becker2017_291,becker2017,250.0,0.4225999999999698,0.1,50,0.1
df_becker2017_291,becker2017,250.0,0.43739999999996815,0.3333333333333333,5,0.33
df_becker2017_291,becker2017,250.0,0.3971999999999726,0.3333333333333333,20,0.33
df_becker2017_291,becker2017,250.0,0.39109999999997325,0.3333333333333333,35,0.33
df_becker2017_291,becker2017,250.0,0.40289999999997195,0.3333333333333333,50,0.33
df_becker2017_291,becker2017,250.0,0.3959999999999727,0.6666666666666666,5,0.66
df_becker2017_291,becker2017,250.0,0.347699999999978,0.6666666666666666,20,0.66
df_becker2017_291,becker2017,250.0,0.3561999999999771,0.6666666666666666,35,0.66
df_becker2017_291,becker2017,250.0,0.36579999999997603,0.6666666666666666,50,0.66
df_becker2017_291,becker2017,250.0,0.3395999999999789,1.0,5,1
df_becker2017_291,becker2017,250.0,0.29379999999998396,1.0,20,1
df_becker2017_291,becker2017,250.0,0.29939999999998335,1.0,35,1
df_becker2017_291,becker2017,250.0,0.2963999999999837,1.0,50,1
df_becker2017_246,becker2017,200.0,0.5142999999999597,0.1,5,0.1
df_becker2017_246,becker2017,200.0,0.5625999999999544,0.1,20,0.1
df_becker2017_246,becker2017,200.0,0.5722999999999533,0.1,35,0.1
df_becker2017_246,becker2017,200.0,0.60219999999995,0.1,50,0.1
df_becker2017_246,becker2017,200.0,0.4704999999999645,0.3333333333333333,5,0.33
df_becker2017_246,becker2017,200.0,0.474999999999964,0.3333333333333333,20,0.33
df_becker2017_246,becker2017,200.0,0.4924999999999621,0.3333333333333333,35,0.33
df_becker2017_246,becker2017,200.0,0.5012999999999611,0.3333333333333333,50,0.33
df_becker2017_246,becker2017,200.0,0.40289999999997195,0.6666666666666666,5,0.66
df_becker2017_246,becker2017,200.0,0.356999999999977,0.6666666666666666,20,0.66
df_becker2017_246,becker2017,200.0,0.3408999999999788,0.6666666666666666,35,0.66
df_becker2017_246,becker2017,200.0,0.3468999999999781,0.6666666666666666,50,0.66
df_becker2017_246,becker2017,200.0,0.32859999999998013,1.0,5,1
df_becker2017_246,becker2017,200.0,0.26409999999998723,1.0,20,1
df_becker2017_246,becker2017,200.0,0.2361999999999903,1.0,35,1
df_becker2017_246,becker2017,200.0,0.22049999999999204,1.0,50,1
df_becker2017_759,becker2017,500.0,0.5279999999999582,0.1,5,0.1
df_becker2017_759,becker2017,500.0,0.6089999999999492,0.1,20,0.1
df_becker2017_759,becker2017,500.0,0.638399999999946,0.1,35,0.1
df_becker2017_759,becker2017,500.0,0.6514999999999446,0.1,50,0.1
df_becker2017_759,becker2017,500.0,0.4859999999999628,0.3333333333333333,5,0.33
df_becker2017_759,becker2017,500.0,0.575199999999953,0.3333333333333333,20,0.33
df_becker2017_759,becker2017,500.0,0.6097999999999492,0.3333333333333333,35,0.33
df_becker2017_759,becker2017,500.0,0.6319999999999467,0.3333333333333333,50,0.33
df_becker2017_759,becker2017,500.0,0.41479999999997064,0.6666666666666666,5,0.66
df_becker2017_759,becker2017,500.0,0.48469999999996294,0.6666666666666666,20,0.66
df_becker2017_759,becker2017,500.0,0.5315999999999578,0.6666666666666666,35,0.66
df_becker2017_759,becker2017,500.0,0.547599999999956,0.6666666666666666,50,0.66
df_becker2017_759,becker2017,500.0,0.3440999999999784,1.0,5,1
df_becker2017_759,becker2017,500.0,0.3977999999999725,1.0,20,1
df_becker2017_759,becker2017,500.0,0.4150999999999706,1.0,35,1
df_becker2017_759,becker2017,500.0,0.43659999999996824,1.0,50,1
df_becker2017_4299,becker2017,2476.0,0.4884999999999625,0.1,5,0.1
df_becker2017_4299,becker2017,2476.0,0.5031999999999609,0.1,20,0.1
df_becker2017_4299,becker2017,2476.0,0.4578999999999659,0.1,35,0.1
df_becker2017_4299,becker2017,2476.0,0.4360999999999683,0.1,50,0.1
df_becker2017_4299,becker2017,2476.0,0.4588999999999658,0.3333333333333333,5,0.33
df_becker2017_4299,becker2017,2476.0,0.41909999999997016,0.3333333333333333,20,0.33
df_becker2017_4299,becker2017,2476.0,0.36009999999997666,0.3333333333333333,35,0.33
df_becker2017_4299,becker2017,2476.0,0.3244999999999806,0.3333333333333333,50,0.33
df_becker2017_4299,becker2017,2476.0,0.3994999999999723,0.6666666666666666,5,0.66
df_becker2017_4299,becker2017,2476.0,0.3161999999999815,0.6666666666666666,20,0.66
df_becker2017_4299,becker2017,2476.0,0.2543999999999883,0.6666666666666666,35,0.66
df_becker2017_4299,becker2017,2476.0,0.21149999999999303,0.6666666666666666,50,0.66
df_becker2017_4299,becker2017,2476.0,0.35649999999997706,1.0,5,1
df_becker2017_4299,becker2017,2476.0,0.23019999999999097,1.0,20,1
df_becker2017_4299,becker2017,2476.0,0.18129999999999635,1.0,35,1
df_becker2017_4299,becker2017,2476.0,0.16119999999999857,1.0,50,1
df_becker2017_268,becker2017,48.0,0.6060999999999496,0.1,5,0.1
df_becker2017_268,becker2017,48.0,0.7005999999999392,0.1,20,0.1
df_becker2017_268,becker2017,48.0,0.7438999999999344,0.1,35,0.1
df_becker2017_268,becker2017,48.0,0.7685999999999317,0.1,50,0.1
df_becker2017_268,becker2017,48.0,0.5994999999999503,0.3333333333333333,5,0.33
df_becker2017_268,becker2017,48.0,0.7059999999999386,0.3333333333333333,20,0.33
df_becker2017_268,becker2017,48.0,0.7484999999999339,0.3333333333333333,35,0.33
df_becker2017_268,becker2017,48.0,0.7599999999999326,0.3333333333333333,50,0.33
df_becker2017_268,becker2017,48.0,0.6003999999999502,0.6666666666666666,5,0.66
df_becker2017_268,becker2017,48.0,0.7044999999999387,0.6666666666666666,20,0.66
df_becker2017_268,becker2017,48.0,0.7421999999999346,0.6666666666666666,35,0.66
df_becker2017_268,becker2017,48.0,0.7669999999999318,0.6666666666666666,50,0.66
df_becker2017_268,becker2017,48.0,0.5997999999999503,1.0,5,1
df_becker2017_268,becker2017,48.0,0.7053999999999386,1.0,20,1
df_becker2017_268,becker2017,48.0,0.7415999999999346,1.0,35,1
df_becker2017_268,becker2017,48.0,0.7701999999999315,1.0,50,1
df_becker2017_346,becker2017,200.0,0.556399999999955,0.1,5,0.1
df_becker2017_346,becker2017,200.0,0.6238999999999476,0.1,20,0.1
df_becker2017_346,becker2017,200.0,0.6410999999999457,0.1,35,0.1
df_becker2017_346,becker2017,200.0,0.6364999999999462,0.1,50,0.1
df_becker2017_346,becker2017,200.0,0.5167999999999594,0.3333333333333333,5,0.33
df_becker2017_346,becker2017,200.0,0.6098999999999491,0.3333333333333333,20,0.33
df_becker2017_346,becker2017,200.0,0.6254999999999474,0.3333333333333333,35,0.33
df_becker2017_346,becker2017,200.0,0.6327999999999466,0.3333333333333333,50,0.33
df_becker2017_346,becker2017,200.0,0.47259999999996427,0.6666666666666666,5,0.66
df_becker2017_346,becker2017,200.0,0.5649999999999541,0.6666666666666666,20,0.66
df_becker2017_346,becker2017,200.0,0.5967999999999506,0.6666666666666666,35,0.66
df_becker2017_346,becker2017,200.0,0.611199999999949,0.6666666666666666,50,0.66
df_becker2017_346,becker2017,200.0,0.4089999999999713,1.0,5,1
df_becker2017_346,becker2017,200.0,0.4722999999999643,1.0,20,1
df_becker2017_346,becker2017,200.0,0.4924999999999621,1.0,35,1
df_becker2017_346,becker2017,200.0,0.5014999999999611,1.0,50,1
df_becker2017_729,becker2017,280.0,0.5139999999999597,0.1,5,0.1
df_becker2017_729,becker2017,280.0,0.5318999999999577,0.1,20,0.1
df_becker2017_729,becker2017,280.0,0.5410999999999567,0.1,35,0.1
df_becker2017_729,becker2017,280.0,0.5466999999999561,0.1,50,0.1
df_becker2017_729,becker2017,280.0,0.5096999999999602,0.3333333333333333,5,0.33
df_becker2017_729,becker2017,280.0,0.5360999999999573,0.3333333333333333,20,0.33
df_becker2017_729,becker2017,280.0,0.5324999999999577,0.3333333333333333,35,0.33
df_becker2017_729,becker2017,280.0,0.5420999999999566,0.3333333333333333,50,0.33
df_becker2017_729,becker2017,280.0,0.4702999999999645,0.6666666666666666,5,0.66
df_becker2017_729,becker2017,280.0,0.5191999999999591,0.6666666666666666,20,0.66
df_becker2017_729,becker2017,280.0,0.5275999999999582,0.6666666666666666,35,0.66
df_becker2017_729,becker2017,280.0,0.548199999999956,0.6666666666666666,50,0.66
df_becker2017_729,becker2017,280.0,0.4424999999999676,1.0,5,1
df_becker2017_729,becker2017,280.0,0.4830999999999631,1.0,20,1
df_becker2017_729,becker2017,280.0,0.4829999999999631,1.0,35,1
df_becker2017_729,becker2017,280.0,0.4867999999999627,1.0,50,1
df_becker2017_4000,becker2017,5500.0,0.41449999999997067,0.1,5,0.1
df_becker2017_4000,becker2017,5500.0,0.37369999999997516,0.1,20,0.1
df_becker2017_4000,becker2017,5500.0,0.36829999999997576,0.1,35,0.1
df_becker2017_4000,becker2017,5500.0,0.3633999999999763,0.1,50,0.1
df_becker2017_4000,becker2017,5500.0,0.40289999999997195,0.3333333333333333,5,0.33
df_becker2017_4000,becker2017,5500.0,0.37219999999997533,0.3333333333333333,20,0.33
df_becker2017_4000,becker2017,5500.0,0.3713999999999754,0.3333333333333333,35,0.33
df_becker2017_4000,becker2017,5500.0,0.3634999999999763,0.3333333333333333,50,0.33
df_becker2017_4000,becker2017,5500.0,0.4233999999999697,0.6666666666666666,5,0.66
df_becker2017_4000,becker2017,5500.0,0.3824999999999742,0.6666666666666666,20,0.66
df_becker2017_4000,becker2017,5500.0,0.3697999999999756,0.6666666666666666,35,0.66
df_becker2017_4000,becker2017,5500.0,0.35919999999997676,0.6666666666666666,50,0.66
df_becker2017_4000,becker2017,5500.0,0.42559999999996945,1.0,5,1
df_becker2017_4000,becker2017,5500.0,0.37209999999997534,1.0,20,1
df_becker2017_4000,becker2017,5500.0,0.36489999999997613,1.0,35,1
df_becker2017_4000,becker2017,5500.0,0.3585999999999768,1.0,50,1
df_becker2017_259,becker2017,264.0,0.4425999999999676,0.1,5,0.1
df_becker2017_259,becker2017,264.0,0.3595999999999767,0.1,20,0.1
df_becker2017_259,becker2017,264.0,0.366199999999976,0.1,35,0.1
df_becker2017_259,becker2017,264.0,0.36549999999997607,0.1,50,0.1
df_becker2017_259,becker2017,264.0,0.4039999999999718,0.3333333333333333,5,0.33
df_becker2017_259,becker2017,264.0,0.3398999999999789,0.3333333333333333,20,0.33
df_becker2017_259,becker2017,264.0,0.32999999999998,0.3333333333333333,35,0.33
df_becker2017_259,becker2017,264.0,0.32279999999998077,0.3333333333333333,50,0.33
df_becker2017_259,becker2017,264.0,0.37819999999997467,0.6666666666666666,5,0.66
df_becker2017_259,becker2017,264.0,0.30109999999998316,0.6666666666666666,20,0.66
df_becker2017_259,becker2017,264.0,0.29569999999998375,0.6666666666666666,35,0.66
df_becker2017_259,becker2017,264.0,0.2944999999999839,0.6666666666666666,50,0.66
df_becker2017_259,becker2017,264.0,0.3431999999999785,1.0,5,1
df_becker2017_259,becker2017,264.0,0.2832999999999851,1.0,20,1
df_becker2017_259,becker2017,264.0,0.28389999999998505,1.0,35,1
df_becker2017_259,becker2017,264.0,0.2769999999999858,1.0,50,1
df_becker2017_550,becker2017,150.0,0.5621999999999544,0.1,5,0.1
df_becker2017_550,becker2017,150.0,0.5789999999999526,0.1,20,0.1
df_becker2017_550,becker2017,150.0,0.584399999999952,0.1,35,0.1
df_becker2017_550,becker2017,150.0,0.5870999999999517,0.1,50,0.1
df_becker2017_550,becker2017,150.0,0.5486999999999559,0.3333333333333333,5,0.33
df_becker2017_550,becker2017,150.0,0.5890999999999514,0.3333333333333333,20,0.33
df_becker2017_550,becker2017,150.0,0.5866999999999517,0.3333333333333333,35,0.33
df_becker2017_550,becker2017,150.0,0.5982999999999504,0.3333333333333333,50,0.33
df_becker2017_550,becker2017,150.0,0.5470999999999561,0.6666666666666666,5,0.66
df_becker2017_550,becker2017,150.0,0.5790999999999525,0.6666666666666666,20,0.66
df_becker2017_550,becker2017,150.0,0.5952999999999508,0.6666666666666666,35,0.66
df_becker2017_550,becker2017,150.0,0.592999999999951,0.6666666666666666,50,0.66
df_becker2017_550,becker2017,150.0,0.5328999999999576,1.0,5,1
df_becker2017_550,becker2017,150.0,0.5698999999999536,1.0,20,1
df_becker2017_550,becker2017,150.0,0.583699999999952,1.0,35,1
df_becker2017_550,becker2017,150.0,0.5992999999999503,1.0,50,1
df_becker2017_3218,becker2017,4100.0,0.4677999999999648,0.1,5,0.1
df_becker2017_3218,becker2017,4100.0,0.4605999999999656,0.1,20,0.1
df_becker2017_3218,becker2017,4100.0,0.4270999999999693,0.1,35,0.1
df_becker2017_3218,becker2017,4100.0,0.4124999999999709,0.1,50,0.1
df_becker2017_3218,becker2017,4100.0,0.41739999999997035,0.3333333333333333,5,0.33
df_becker2017_3218,becker2017,4100.0,0.3332999999999796,0.3333333333333333,20,0.33
df_becker2017_3218,becker2017,4100.0,0.27409999999998613,0.3333333333333333,35,0.33
df_becker2017_3218,becker2017,4100.0,0.2516999999999886,0.3333333333333333,50,0.33
df_becker2017_3218,becker2017,4100.0,0.3379999999999791,0.6666666666666666,5,0.66
df_becker2017_3218,becker2017,4100.0,0.20009999999999428,0.6666666666666666,20,0.66
df_becker2017_3218,becker2017,4100.0,0.16559999999999808,0.6666666666666666,35,0.66
df_becker2017_3218,becker2017,4100.0,0.1381000000000011,0.6666666666666666,50,0.66
df_becker2017_3218,becker2017,4100.0,0.2653999999999871,1.0,5,1
df_becker2017_3218,becker2017,4100.0,0.13490000000000146,1.0,20,1
df_becker2017_3218,becker2017,4100.0,0.1094000000000021,1.0,35,1
df_becker2017_3218,becker2017,4100.0,0.08510000000000141,1.0,50,1
df_becker2017_279,becker2017,460.0,0.44919999999996685,0.1,5,0.1
df_becker2017_279,becker2017,460.0,0.36749999999997585,0.1,20,0.1
df_becker2017_279,becker2017,460.0,0.3305999999999799,0.1,35,0.1
df_becker2017_279,becker2017,460.0,0.32669999999998034,0.1,50,0.1
df_becker2017_279,becker2017,460.0,0.44019999999996784,0.3333333333333333,5,0.33
df_becker2017_279,becker2017,460.0,0.3577999999999769,0.3333333333333333,20,0.33
df_becker2017_279,becker2017,460.0,0.3253999999999805,0.3333333333333333,35,0.33
df_becker2017_279,becker2017,460.0,0.32039999999998103,0.3333333333333333,50,0.33
df_becker2017_279,becker2017,460.0,0.43549999999996836,0.6666666666666666,5,0.66
df_becker2017_279,becker2017,460.0,0.3558999999999771,0.6666666666666666,20,0.66
df_becker2017_279,becker2017,460.0,0.3259999999999804,0.6666666666666666,35,0.66
df_becker2017_279,becker2017,460.0,0.311699999999982,0.6666666666666666,50,0.66
df_becker2017_279,becker2017,460.0,0.41729999999997036,1.0,5,1
df_becker2017_279,becker2017,460.0,0.339099999999979,1.0,20,1
df_becker2017_279,becker2017,460.0,0.3160999999999815,1.0,35,1
df_becker2017_279,becker2017,460.0,0.3126999999999819,1.0,50,1
df_becker2017_61,becker2017,55.0,0.46839999999996473,0.1,5,0.1
df_becker2017_61,becker2017,55.0,0.4516999999999666,0.1,20,0.1
df_becker2017_61,becker2017,55.0,0.45359999999996636,0.1,35,0.1
df_becker2017_61,becker2017,55.0,0.4542999999999663,0.1,50,0.1
df_becker2017_61,becker2017,55.0,0.4231999999999697,0.3333333333333333,5,0.33
df_becker2017_61,becker2017,55.0,0.37459999999997506,0.3333333333333333,20,0.33
df_becker2017_61,becker2017,55.0,0.375299999999975,0.3333333333333333,35,0.33
df_becker2017_61,becker2017,55.0,0.3778999999999747,0.3333333333333333,50,0.33
df_becker2017_61,becker2017,55.0,0.34209999999997864,0.6666666666666666,5,0.66
df_becker2017_61,becker2017,55.0,0.2871999999999847,0.6666666666666666,20,0.66
df_becker2017_61,becker2017,55.0,0.2825999999999852,0.6666666666666666,35,0.66
df_becker2017_61,becker2017,55.0,0.28029999999998545,0.6666666666666666,50,0.66
df_becker2017_61,becker2017,55.0,0.2823999999999852,1.0,5,1
df_becker2017_61,becker2017,55.0,0.2053999999999937,1.0,20,1
df_becker2017_61,becker2017,55.0,0.1952999999999948,1.0,35,1
df_becker2017_61,becker2017,55.0,0.1944999999999949,1.0,50,1
df_becker2017_46,becker2017,80.0,0.48739999999996264,0.1,5,0.1
df_becker2017_46,becker2017,80.0,0.4976999999999615,0.1,20,0.1
df_becker2017_46,becker2017,80.0,0.49099999999996224,0.1,35,0.1
df_becker2017_46,becker2017,80.0,0.49439999999996187,0.1,50,0.1
df_becker2017_46,becker2017,80.0,0.4965999999999616,0.3333333333333333,5,0.33
df_becker2017_46,becker2017,80.0,0.4857999999999628,0.3333333333333333,20,0.33
df_becker2017_46,becker2017,80.0,0.4949999999999618,0.3333333333333333,35,0.33
df_becker2017_46,becker2017,80.0,0.4861999999999628,0.3333333333333333,50,0.33
df_becker2017_46,becker2017,80.0,0.48929999999996243,0.6666666666666666,5,0.66
df_becker2017_46,becker2017,80.0,0.4902999999999623,0.6666666666666666,20,0.66
df_becker2017_46,becker2017,80.0,0.4922999999999621,0.6666666666666666,35,0.66
df_becker2017_46,becker2017,80.0,0.4940999999999619,0.6666666666666666,50,0.66
df_becker2017_46,becker2017,80.0,0.4811999999999633,1.0,5,1
df_becker2017_46,becker2017,80.0,0.4940999999999619,1.0,20,1
df_becker2017_46,becker2017,80.0,0.49539999999996176,1.0,35,1
df_becker2017_46,becker2017,80.0,0.4947999999999618,1.0,50,1
df_becker2017_74,becker2017,70.0,0.5342999999999575,0.1,5,0.1
df_becker2017_74,becker2017,70.0,0.5642999999999542,0.1,20,0.1
df_becker2017_74,becker2017,70.0,0.5699999999999535,0.1,35,0.1
df_becker2017_74,becker2017,70.0,0.5777999999999527,0.1,50,0.1
df_becker2017_74,becker2017,70.0,0.502499999999961,0.3333333333333333,5,0.33
df_becker2017_74,becker2017,70.0,0.5467999999999561,0.3333333333333333,20,0.33
df_becker2017_74,becker2017,70.0,0.5511999999999556,0.3333333333333333,35,0.33
df_becker2017_74,becker2017,70.0,0.5694999999999536,0.3333333333333333,50,0.33
df_becker2017_74,becker2017,70.0,0.44479999999996733,0.6666666666666666,5,0.66
df_becker2017_74,becker2017,70.0,0.47719999999996376,0.6666666666666666,20,0.66
df_becker2017_74,becker2017,70.0,0.49359999999996196,0.6666666666666666,35,0.66
df_becker2017_74,becker2017,70.0,0.5105999999999601,0.6666666666666666,50,0.66
df_becker2017_74,becker2017,70.0,0.3807999999999744,1.0,5,1
df_becker2017_74,becker2017,70.0,0.3889999999999735,1.0,20,1
df_becker2017_74,becker2017,70.0,0.3903999999999733,1.0,35,1
df_becker2017_74,becker2017,70.0,0.39279999999997306,1.0,50,1
df_becker2017_55,becker2017,50.0,0.5028999999999609,0.1,5,0.1
df_becker2017_55,becker2017,50.0,0.4941999999999619,0.1,20,0.1
df_becker2017_55,becker2017,50.0,0.49359999999996196,0.1,35,0.1
df_becker2017_55,becker2017,50.0,0.49169999999996217,0.1,50,0.1
df_becker2017_55,becker2017,50.0,0.4379999999999681,0.3333333333333333,5,0.33
df_becker2017_55,becker2017,50.0,0.3869999999999737,0.3333333333333333,20,0.33
df_becker2017_55,becker2017,50.0,0.3689999999999757,0.3333333333333333,35,0.33
df_becker2017_55,becker2017,50.0,0.35369999999997737,0.3333333333333333,50,0.33
df_becker2017_55,becker2017,50.0,0.3762999999999749,0.6666666666666666,5,0.66
df_becker2017_55,becker2017,50.0,0.3105999999999821,0.6666666666666666,20,0.66
df_becker2017_55,becker2017,50.0,0.2808999999999854,0.6666666666666666,35,0.66
df_becker2017_55,becker2017,50.0,0.2709999999999865,0.6666666666666666,50,0.66
df_becker2017_55,becker2017,50.0,0.33019999999997995,1.0,5,1
df_becker2017_55,becker2017,50.0,0.2718999999999864,1.0,20,1
df_becker2017_55,becker2017,50.0,0.2618999999999875,1.0,35,1
df_becker2017_55,becker2017,50.0,0.25129999999998864,1.0,50,1
df_becker2017_59,becker2017,60.0,0.4640999999999652,0.1,5,0.1
df_becker2017_59,becker2017,60.0,0.4667999999999649,0.1,20,0.1
df_becker2017_59,becker2017,60.0,0.46809999999996477,0.1,35,0.1
df_becker2017_59,becker2017,60.0,0.4586999999999658,0.1,50,0.1
df_becker2017_59,becker2017,60.0,0.47369999999996415,0.3333333333333333,5,0.33
df_becker2017_59,becker2017,60.0,0.4678999999999648,0.3333333333333333,20,0.33
df_becker2017_59,becker2017,60.0,0.46389999999996523,0.3333333333333333,35,0.33
df_becker2017_59,becker2017,60.0,0.46919999999996465,0.3333333333333333,50,0.33
df_becker2017_59,becker2017,60.0,0.45379999999996634,0.6666666666666666,5,0.66
df_becker2017_59,becker2017,60.0,0.4640999999999652,0.6666666666666666,20,0.66
df_becker2017_59,becker2017,60.0,0.4559999999999661,0.6666666666666666,35,0.66
df_becker2017_59,becker2017,60.0,0.4639999999999652,0.6666666666666666,50,0.66
df_becker2017_59,becker2017,60.0,0.42369999999996966,1.0,5,1
df_becker2017_59,becker2017,60.0,0.4406999999999678,1.0,20,1
df_becker2017_59,becker2017,60.0,0.43899999999996797,1.0,35,1
df_becker2017_59,becker2017,60.0,0.4331999999999686,1.0,50,1
df_becker2017_39,becker2017,40.0,0.5507999999999557,0.1,5,0.1
df_becker2017_39,becker2017,40.0,0.6010999999999501,0.1,20,0.1
df_becker2017_39,becker2017,40.0,0.60249999999995,0.1,35,0.1
df_becker2017_39,becker2017,40.0,0.6143999999999487,0.1,50,0.1
df_becker2017_39,becker2017,40.0,0.5352999999999574,0.3333333333333333,5,0.33
df_becker2017_39,becker2017,40.0,0.5984999999999504,0.3333333333333333,20,0.33
df_becker2017_39,becker2017,40.0,0.6185999999999482,0.3333333333333333,35,0.33
df_becker2017_39,becker2017,40.0,0.6154999999999485,0.3333333333333333,50,0.33
df_becker2017_39,becker2017,40.0,0.5211999999999589,0.6666666666666666,5,0.66
df_becker2017_39,becker2017,40.0,0.5894999999999514,0.6666666666666666,20,0.66
df_becker2017_39,becker2017,40.0,0.60199999999995,0.6666666666666666,35,0.66
df_becker2017_39,becker2017,40.0,0.6104999999999491,0.6666666666666666,50,0.66
df_becker2017_39,becker2017,40.0,0.4739999999999641,1.0,5,1
df_becker2017_39,becker2017,40.0,0.5494999999999558,1.0,20,1
df_becker2017_39,becker2017,40.0,0.5693999999999536,1.0,35,1
df_becker2017_39,becker2017,40.0,0.5664999999999539,1.0,50,1
df_becker2017_54,becker2017,50.0,0.44829999999996695,0.1,5,0.1
df_becker2017_54,becker2017,50.0,0.4585999999999658,0.1,20,0.1
df_becker2017_54,becker2017,50.0,0.4577999999999659,0.1,35,0.1
df_becker2017_54,becker2017,50.0,0.457099999999966,0.1,50,0.1
df_becker2017_54,becker2017,50.0,0.3977999999999725,0.3333333333333333,5,0.33
df_becker2017_54,becker2017,50.0,0.438799999999968,0.3333333333333333,20,0.33
df_becker2017_54,becker2017,50.0,0.4434999999999675,0.3333333333333333,35,0.33
df_becker2017_54,becker2017,50.0,0.4486999999999669,0.3333333333333333,50,0.33
df_becker2017_54,becker2017,50.0,0.33769999999997913,0.6666666666666666,5,0.66
df_becker2017_54,becker2017,50.0,0.34009999999997886,0.6666666666666666,20,0.66
df_becker2017_54,becker2017,50.0,0.3486999999999779,0.6666666666666666,35,0.66
df_becker2017_54,becker2017,50.0,0.3588999999999768,0.6666666666666666,50,0.66
df_becker2017_54,becker2017,50.0,0.2699999999999866,1.0,5,1
df_becker2017_54,becker2017,50.0,0.2690999999999867,1.0,20,1
df_becker2017_54,becker2017,50.0,0.26489999999998715,1.0,35,1
df_becker2017_54,becker2017,50.0,0.26749999999998686,1.0,50,1
df_becker2017_26,becker2017,45.0,0.4978999999999615,0.1,5,0.1
df_becker2017_26,becker2017,45.0,0.4967999999999616,0.1,20,0.1
df_becker2017_26,becker2017,45.0,0.5062999999999606,0.1,35,0.1
df_becker2017_26,becker2017,45.0,0.49439999999996187,0.1,50,0.1
df_becker2017_26,becker2017,45.0,0.49459999999996185,0.3333333333333333,5,0.33
df_becker2017_26,becker2017,45.0,0.502799999999961,0.3333333333333333,20,0.33
df_becker2017_26,becker2017,45.0,0.49439999999996187,0.3333333333333333,35,0.33
df_becker2017_26,becker2017,45.0,0.5040999999999608,0.3333333333333333,50,0.33
df_becker2017_26,becker2017,45.0,0.4743999999999641,0.6666666666666666,5,0.66
df_becker2017_26,becker2017,45.0,0.4976999999999615,0.6666666666666666,20,0.66
df_becker2017_26,becker2017,45.0,0.49729999999996155,0.6666666666666666,35,0.66
df_becker2017_26,becker2017,45.0,0.5057999999999606,0.6666666666666666,50,0.66
df_becker2017_26,becker2017,45.0,0.46289999999996534,1.0,5,1
df_becker2017_26,becker2017,45.0,0.48359999999996306,1.0,20,1
df_becker2017_26,becker2017,45.0,0.47369999999996415,1.0,35,1
df_becker2017_26,becker2017,45.0,0.4814999999999633,1.0,50,1
df_becker2017_45,becker2017,50.0,0.4670999999999649,0.1,5,0.1
df_becker2017_45,becker2017,50.0,0.45469999999996624,0.1,20,0.1
df_becker2017_45,becker2017,50.0,0.456699999999966,0.1,35,0.1
df_becker2017_45,becker2017,50.0,0.4594999999999657,0.1,50,0.1
df_becker2017_45,becker2017,50.0,0.41089999999997107,0.3333333333333333,5,0.33
df_becker2017_45,becker2017,50.0,0.37839999999997465,0.3333333333333333,20,0.33
df_becker2017_45,becker2017,50.0,0.3743999999999751,0.3333333333333333,35,0.33
df_becker2017_45,becker2017,50.0,0.3832999999999741,0.3333333333333333,50,0.33
df_becker2017_45,becker2017,50.0,0.34559999999997826,0.6666666666666666,5,0.66
df_becker2017_45,becker2017,50.0,0.2863999999999848,0.6666666666666666,20,0.66
df_becker2017_45,becker2017,50.0,0.2952999999999838,0.6666666666666666,35,0.66
df_becker2017_45,becker2017,50.0,0.29009999999998437,0.6666666666666666,50,0.66
df_becker2017_45,becker2017,50.0,0.2962999999999837,1.0,5,1
df_becker2017_45,becker2017,50.0,0.24489999999998935,1.0,20,1
df_becker2017_45,becker2017,50.0,0.22859999999999114,1.0,35,1
df_becker2017_45,becker2017,50.0,0.23829999999999008,1.0,50,1
df_becker2017_41,becker2017,60.0,0.4997999999999613,0.1,5,0.1
df_becker2017_41,becker2017,60.0,0.49169999999996217,0.1,20,0.1
df_becker2017_41,becker2017,60.0,0.5084999999999603,0.1,35,0.1
df_becker2017_41,becker2017,60.0,0.4922999999999621,0.1,50,0.1
df_becker2017_41,becker2017,60.0,0.4325999999999687,0.3333333333333333,5,0.33
df_becker2017_41,becker2017,60.0,0.3894999999999734,0.3333333333333333,20,0.33
df_becker2017_41,becker2017,60.0,0.3687999999999757,0.3333333333333333,35,0.33
df_becker2017_41,becker2017,60.0,0.36559999999997606,0.3333333333333333,50,0.33
df_becker2017_41,becker2017,60.0,0.36489999999997613,0.6666666666666666,5,0.66
df_becker2017_41,becker2017,60.0,0.2988999999999834,0.6666666666666666,20,0.66
df_becker2017_41,becker2017,60.0,0.27489999999998604,0.6666666666666666,35,0.66
df_becker2017_41,becker2017,60.0,0.2633999999999873,0.6666666666666666,50,0.66
df_becker2017_41,becker2017,60.0,0.2942999999999839,1.0,5,1
df_becker2017_41,becker2017,60.0,0.23939999999998995,1.0,20,1
df_becker2017_41,becker2017,60.0,0.2272999999999913,1.0,35,1
df_becker2017_41,becker2017,60.0,0.21779999999999233,1.0,50,1
df_becker2019_Unemployment,becker2019,4.7,0.6137999999999487,0.1,5,0.1
df_becker2019_Unemployment,becker2019,4.7,0.6369999999999462,0.1,20,0.1
df_becker2019_Unemployment,becker2019,4.7,0.6356999999999463,0.1,35,0.1
df_becker2019_Unemployment,becker2019,4.7,0.6264999999999473,0.1,50,0.1
df_becker2019_Unemployment,becker2019,4.7,0.5813999999999523,0.3333333333333333,5,0.33
df_becker2019_Unemployment,becker2019,4.7,0.5698999999999536,0.3333333333333333,20,0.33
df_becker2019_Unemployment,becker2019,4.7,0.5642999999999542,0.3333333333333333,35,0.33
df_becker2019_Unemployment,becker2019,4.7,0.5536999999999553,0.3333333333333333,50,0.33
df_becker2019_Unemployment,becker2019,4.7,0.5217999999999589,0.6666666666666666,5,0.66
df_becker2019_Unemployment,becker2019,4.7,0.4902999999999623,0.6666666666666666,20,0.66
df_becker2019_Unemployment,becker2019,4.7,0.475299999999964,0.6666666666666666,35,0.66
df_becker2019_Unemployment,becker2019,4.7,0.4669999999999649,0.6666666666666666,50,0.66
df_becker2019_Unemployment,becker2019,4.7,0.4723999999999643,1.0,5,1
df_becker2019_Unemployment,becker2019,4.7,0.4348999999999684,1.0,20,1
df_becker2019_Unemployment,becker2019,4.7,0.4189999999999702,1.0,35,1
df_becker2019_Unemployment,becker2019,4.7,0.42099999999996995,1.0,50,1
df_becker2019_Election,becker2019,250.0,0.5227999999999587,0.1,5,0.1
df_becker2019_Election,becker2019,250.0,0.5587999999999548,0.1,20,0.1
df_becker2019_Election,becker2019,250.0,0.5684999999999537,0.1,35,0.1
df_becker2019_Election,becker2019,250.0,0.5940999999999509,0.1,50,0.1
df_becker2019_Election,becker2019,250.0,0.49099999999996224,0.3333333333333333,5,0.33
df_becker2019_Election,becker2019,250.0,0.49919999999996134,0.3333333333333333,20,0.33
df_becker2019_Election,becker2019,250.0,0.5306999999999579,0.3333333333333333,35,0.33
df_becker2019_Election,becker2019,250.0,0.5648999999999541,0.3333333333333333,50,0.33
df_becker2019_Election,becker2019,250.0,0.4225999999999698,0.6666666666666666,5,0.66
df_becker2019_Election,becker2019,250.0,0.43819999999996806,0.6666666666666666,20,0.66
df_becker2019_Election,becker2019,250.0,0.45999999999996566,0.6666666666666666,35,0.66
df_becker2019_Election,becker2019,250.0,0.4777999999999637,0.6666666666666666,50,0.66
df_becker2019_Election,becker2019,250.0,0.36129999999997653,1.0,5,1
df_becker2019_Election,becker2019,250.0,0.35739999999997696,1.0,20,1
df_becker2019_Election,becker2019,250.0,0.3787999999999746,1.0,35,1
df_becker2019_Election,becker2019,250.0,0.393099999999973,1.0,50,1
df_becker2019_Taxes,becker2019,15.0,0.5230999999999587,0.1,5,0.1
df_becker2019_Taxes,becker2019,15.0,0.556299999999955,0.1,20,0.1
df_becker2019_Taxes,becker2019,15.0,0.5765999999999528,0.1,35,0.1
df_becker2019_Taxes,becker2019,15.0,0.583799999999952,0.1,50,0.1
df_becker2019_Taxes,becker2019,15.0,0.5277999999999582,0.3333333333333333,5,0.33
df_becker2019_Taxes,becker2019,15.0,0.5698999999999536,0.3333333333333333,20,0.33
df_becker2019_Taxes,becker2019,15.0,0.5794999999999525,0.3333333333333333,35,0.33
df_becker2019_Taxes,becker2019,15.0,0.5915999999999512,0.3333333333333333,50,0.33
df_becker2019_Taxes,becker2019,15.0,0.5065999999999605,0.6666666666666666,5,0.66
df_becker2019_Taxes,becker2019,15.0,0.5602999999999546,0.6666666666666666,20,0.66
df_becker2019_Taxes,becker2019,15.0,0.5691999999999536,0.6666666666666666,35,0.66
df_becker2019_Taxes,becker2019,15.0,0.5784999999999526,0.6666666666666666,50,0.66
df_becker2019_Taxes,becker2019,15.0,0.4639999999999652,1.0,5,1
df_becker2019_Taxes,becker2019,15.0,0.5300999999999579,1.0,20,1
df_becker2019_Taxes,becker2019,15.0,0.5594999999999547,1.0,35,1
df_becker2019_Taxes,becker2019,15.0,0.5628999999999543,1.0,50,1
df_becker2019_California,becker2019,67.0,0.5065999999999605,0.1,5,0.1
df_becker2019_California,becker2019,67.0,0.5175999999999593,0.1,20,0.1
df_becker2019_California,becker2019,67.0,0.5242999999999586,0.1,35,0.1
df_becker2019_California,becker2019,67.0,0.5211999999999589,0.1,50,0.1
df_becker2019_California,becker2019,67.0,0.5146999999999596,0.3333333333333333,5,0.33
df_becker2019_California,becker2019,67.0,0.5008999999999612,0.3333333333333333,20,0.33
df_becker2019_California,becker2019,67.0,0.5154999999999595,0.3333333333333333,35,0.33
df_becker2019_California,becker2019,67.0,0.5107999999999601,0.3333333333333333,50,0.33
df_becker2019_California,becker2019,67.0,0.5070999999999605,0.6666666666666666,5,0.66
df_becker2019_California,becker2019,67.0,0.502699999999961,0.6666666666666666,20,0.66
df_becker2019_California,becker2019,67.0,0.5169999999999594,0.6666666666666666,35,0.66
df_becker2019_California,becker2019,67.0,0.5183999999999592,0.6666666666666666,50,0.66
df_becker2019_California,becker2019,67.0,0.49549999999996175,1.0,5,1
df_becker2019_California,becker2019,67.0,0.5121999999999599,1.0,20,1
df_becker2019_California,becker2019,67.0,0.5098999999999602,1.0,35,1
df_becker2019_California,becker2019,67.0,0.51149999999996,1.0,50,1
df_becker2019_Military,becker2019,25.0,0.5197999999999591,0.1,5,0.1
df_becker2019_Military,becker2019,25.0,0.6285999999999471,0.1,20,0.1
df_becker2019_Military,becker2019,25.0,0.702499999999939,0.1,35,0.1
df_becker2019_Military,becker2019,25.0,0.7676999999999318,0.1,50,0.1
df_becker2019_Military,becker2019,25.0,0.4615999999999655,0.3333333333333333,5,0.33
df_becker2019_Military,becker2019,25.0,0.5710999999999534,0.3333333333333333,20,0.33
df_becker2019_Military,becker2019,25.0,0.6613999999999435,0.3333333333333333,35,0.33
df_becker2019_Military,becker2019,25.0,0.7415999999999346,0.3333333333333333,50,0.33
df_becker2019_Military,becker2019,25.0,0.38179999999997427,0.6666666666666666,5,0.66
df_becker2019_Military,becker2019,25.0,0.4867999999999627,0.6666666666666666,20,0.66
df_becker2019_Military,becker2019,25.0,0.583699999999952,0.6666666666666666,35,0.66
df_becker2019_Military,becker2019,25.0,0.665599999999943,0.6666666666666666,50,0.66
df_becker2019_Military,becker2019,25.0,0.3226999999999808,1.0,5,1
df_becker2019_Military,becker2019,25.0,0.42099999999996995,1.0,20,1
df_becker2019_Military,becker2019,25.0,0.5258999999999584,1.0,35,1
df_becker2019_Military,becker2019,25.0,0.6014999999999501,1.0,50,1
df_becker2019_Immigration,becker2019,25.0,0.5162999999999595,0.1,5,0.1
df_becker2019_Immigration,becker2019,25.0,0.6247999999999475,0.1,20,0.1
df_becker2019_Immigration,becker2019,25.0,0.7188999999999371,0.1,35,0.1
df_becker2019_Immigration,becker2019,25.0,0.7718999999999313,0.1,50,0.1
df_becker2019_Immigration,becker2019,25.0,0.4870999999999627,0.3333333333333333,5,0.33
df_becker2019_Immigration,becker2019,25.0,0.5831999999999521,0.3333333333333333,20,0.33
df_becker2019_Immigration,becker2019,25.0,0.6868999999999407,0.3333333333333333,35,0.33
df_becker2019_Immigration,becker2019,25.0,0.7522999999999335,0.3333333333333333,50,0.33
df_becker2019_Immigration,becker2019,25.0,0.4470999999999671,0.6666666666666666,5,0.66
df_becker2019_Immigration,becker2019,25.0,0.5547999999999552,0.6666666666666666,20,0.66
df_becker2019_Immigration,becker2019,25.0,0.6521999999999445,0.6666666666666666,35,0.66
df_becker2019_Immigration,becker2019,25.0,0.7348999999999354,0.6666666666666666,50,0.66
df_becker2019_Immigration,becker2019,25.0,0.4148999999999706,1.0,5,1
df_becker2019_Immigration,becker2019,25.0,0.5091999999999602,1.0,20,1
df_becker2019_Immigration,becker2019,25.0,0.6301999999999469,1.0,35,1
df_becker2019_Immigration,becker2019,25.0,0.7190999999999371,1.0,50,1
df_becker2019_Soldiers,becker2019,5000.0,0.5813999999999523,0.1,5,0.1
df_becker2019_Soldiers,becker2019,5000.0,0.7816999999999302,0.1,20,0.1
df_becker2019_Soldiers,becker2019,5000.0,0.8533999999999223,0.1,35,0.1
df_becker2019_Soldiers,becker2019,5000.0,0.8789999999999195,0.1,50,0.1
df_becker2019_Soldiers,becker2019,5000.0,0.5596999999999547,0.3333333333333333,5,0.33
df_becker2019_Soldiers,becker2019,5000.0,0.7588999999999327,0.3333333333333333,20,0.33
df_becker2019_Soldiers,becker2019,5000.0,0.8326999999999246,0.3333333333333333,35,0.33
df_becker2019_Soldiers,becker2019,5000.0,0.87439999999992,0.3333333333333333,50,0.33
df_becker2019_Soldiers,becker2019,5000.0,0.5219999999999588,0.6666666666666666,5,0.66
df_becker2019_Soldiers,becker2019,5000.0,0.7212999999999369,0.6666666666666666,20,0.66
df_becker2019_Soldiers,becker2019,5000.0,0.8144999999999266,0.6666666666666666,35,0.66
df_becker2019_Soldiers,becker2019,5000.0,0.8593999999999217,0.6666666666666666,50,0.66
df_becker2019_Soldiers,becker2019,5000.0,0.48009999999996344,1.0,5,1
df_becker2019_Soldiers,becker2019,5000.0,0.6701999999999425,1.0,20,1
df_becker2019_Soldiers,becker2019,5000.0,0.7663999999999319,1.0,35,1
df_becker2019_Soldiers,becker2019,5000.0,0.8350999999999243,1.0,50,1
